code,model,plot,zone,batch,block,contractor,unitType,typology,actual,planned,variance,band,label,color
VL6-1901,VL6,1901,1B,6,30,SARH,Villa,VL6,21.8,33,-11.2,lt35,<M35,#93C5FD
VL6-1845,VL6,1845,1B,6,32,SARH,Villa,VL6,22.3,26.3,-4,lt35,<M35,#93C5FD
VL6-1616,VL6,1616,1B,12,67,SARH,Villa,VL6,15.1,16,-0.9,lt35,<M35,#93C5FD
VL6-1802,VL6,1802,1B,9,48,SARH,Villa,VL6,20.6,17.6,3,lt35,<M35,#93C5FD
VL6-1617,VL6,1617,1B,12,67,SARH,Villa,VL6,14.4,16,-1.6,lt35,<M35,#93C5FD
VL6-1832,VL6,1832,1B,6,33,SARH,Villa,VL6,22.2,31.3,-9.1,lt35,<M35,#93C5FD
VL6-1862,VL6,1862,1B,6,32,SARH,Villa,VL6,22.6,26.4,-3.8,lt35,<M35,#93C5FD
VL6-1869,VL6,1869,1B,6,30,SARH,Villa,VL6,21.9,33.1,-11.2,lt35,<M35,#93C5FD
VL6-1797,VL6,1797,1B,9,48,SARH,Villa,VL6,20.7,17.6,3.1,lt35,<M35,#93C5FD
VL6-1831,VL6,1831,1B,6,33,SARH,Villa,VL6,22,31.3,-9.3,lt35,<M35,#93C5FD
VL6-1611,VL6,1611,1B,12,67,SARH,Villa,VL6,17.2,16.1,1.1,lt35,<M35,#93C5FD
VL6-1612,VL6,1612,1B,12,67,SARH,Villa,VL6,17.9,16.1,1.8,lt35,<M35,#93C5FD
VL4-1911,VL4,1911,1B,9,44,SARH,Villa,VL4,12.8,12.1,0.7,lt35,<M35,#93C5FD
VL4-1801,VL4,1801,1B,9,48,SARH,Villa,VL4,13.3,12.7,0.6,lt35,<M35,#93C5FD
VL4-1795,VL4,1795,1B,9,47,SARH,Villa,VL4,16.1,15.6,0.5,lt35,<M35,#93C5FD
VL4-1601,VL4,1601,1B,12,66,SARH,Villa,VL4,14.5,4.7,9.8,lt35,<M35,#93C5FD
VL4-1789,VL4,1789,1B,8,42,SARH,Villa,VL4,13.1,14.5,-1.4,lt35,<M35,#93C5FD
VL4-1798,VL4,1798,1B,9,48,SARH,Villa,VL4,13.3,12.7,0.6,lt35,<M35,#93C5FD
VL4-1555,VL4,1555,1B,10,54,SARH,Villa,VL4,18.3,18,0.3,lt35,<M35,#93C5FD
VL4-1646,VL4,1646,1B,12,64,SARH,Villa,VL4,14.2,3,11.2,lt35,<M35,#93C5FD
VL4-1962,VL4,1962,1B,8,43,SARH,Villa,VL4,12.9,12.2,0.7,lt35,<M35,#93C5FD
VL4-1902,VL4,1902,1B,9,44,SARH,Villa,VL4,12.8,12.1,0.7,lt35,<M35,#93C5FD
VL4-1782,VL4,1782,1B,8,42,SARH,Villa,VL4,13.1,14.5,-1.4,lt35,<M35,#93C5FD
VL4-1593,VL4,1593,1B,12,65,SARH,Villa,VL4,14.2,4.3,9.9,lt35,<M35,#93C5FD
VL4-1650,VL4,1650,1B,12,61,SARH,Villa,VL4,6.3,5.8,0.5,lt35,<M35,#93C5FD
VL4-1680,VL4,1680,1B,11,57,SARH,Villa,VL4,5.6,10.5,-4.9,lt35,<M35,#93C5FD
VL4-1970,VL4,1970,1B,9,46,SARH,Villa,VL4,13.2,12.3,0.9,lt35,<M35,#93C5FD
VL4-1619,VL4,1619,1B,12,64,SARH,Villa,VL4,14.2,3,11.2,lt35,<M35,#93C5FD
VL4-1836,VL4,1836,1B,6,33,SARH,Villa,VL4,14.6,18,-3.4,lt35,<M35,#93C5FD
VL4-1610,VL4,1610,1B,12,68,SARH,Villa,VL4,14.3,3.8,10.5,lt35,<M35,#93C5FD
VL4-1712,VL4,1712,1B,10,52,SARH,Villa,VL4,32.8,17.7,15.1,lt35,<M35,#93C5FD
VL4-1679,VL4,1679,1B,11,57,SARH,Villa,VL4,11.8,10.5,1.3,lt35,<M35,#93C5FD
VL4-1560,VL4,1560,1B,10,54,SARH,Villa,VL4,6.2,18,-11.8,lt35,<M35,#93C5FD
VL4-1839,VL4,1839,1B,6,33,SARH,Villa,VL4,14.6,18,-3.4,lt35,<M35,#93C5FD
VL4-1701,VL4,1701,1B,10,53,SARH,Villa,VL4,21,23.6,-2.6,lt35,<M35,#93C5FD
VL4-1933,VL4,1933,1B,9,45,SARH,Villa,VL4,13.8,13.1,0.7,lt35,<M35,#93C5FD
VL4-1971,VL4,1971,1B,8,43,SARH,Villa,VL4,12.9,12.2,0.7,lt35,<M35,#93C5FD
VL4-1948,VL4,1948,1B,9,44,SARH,Villa,VL4,12.8,12.1,0.7,lt35,<M35,#93C5FD
VL4-1573,VL4,1573,1B,11,58,SARH,Villa,VL4,18.3,7.9,10.4,lt35,<M35,#93C5FD
VL4-1939,VL4,1939,1B,9,44,SARH,Villa,VL4,12.8,12.1,0.7,lt35,<M35,#93C5FD
VL4-1597,VL4,1597,1B,12,65,SARH,Villa,VL4,14,4.3,9.7,lt35,<M35,#93C5FD
VL4-1833,VL4,1833,1B,6,33,SARH,Villa,VL4,14.6,18,-3.4,lt35,<M35,#93C5FD
VL4-1602,VL4,1602,1B,12,68,SARH,Villa,VL4,14.4,3.8,10.6,lt35,<M35,#93C5FD
VL4-1812,VL4,1812,1B,7,35,SARH,Villa,VL4,15,18.9,-3.9,lt35,<M35,#93C5FD
VL4-1600,VL4,1600,1B,12,66,SARH,Villa,VL4,14.5,4.7,9.8,lt35,<M35,#93C5FD
VL4-1963,VL4,1963,1B,9,46,SARH,Villa,VL4,13.2,12.3,0.9,lt35,<M35,#93C5FD
VL4-1809,VL4,1809,1B,7,35,SARH,Villa,VL4,15,18.9,-3.9,lt35,<M35,#93C5FD
DP4-1760,DP4,1760,1B,6,29,SARH,Duplex Villa,DP4,45.2,49.5,-4.3,ms35,M35,#3B82F6
DP4-1838,DP4,1838,1B,6,33,SARH,Duplex Villa,DP4,14.5,16.5,-2,lt35,<M35,#93C5FD
DP4-1841,DP4,1841,1B,6,32,SARH,Duplex Villa,DP4,14.6,28.8,-14.2,lt35,<M35,#93C5FD
DP4-1582,DP4,1582,1B,11,58,SARH,Duplex Villa,DP4,10.6,7.2,3.4,lt35,<M35,#93C5FD
DP4-1810,DP4,1810,1B,7,35,SARH,Duplex Villa,DP4,13.8,17.4,-3.6,lt35,<M35,#93C5FD
DP4-1673,DP4,1673,1B,12,62,SARH,Duplex Villa,DP4,5.2,3.2,2,lt35,<M35,#93C5FD
DP4-1781,DP4,1781,1B,8,41,SARH,Duplex Villa,DP4,12,13,-1,lt35,<M35,#93C5FD
DP4-1714,DP4,1714,1B,11,56,SARH,Duplex Villa,DP4,13.7,20.5,-6.8,lt35,<M35,#93C5FD
DP4-1748,DP4,1748,1B,6,29,SARH,Duplex Villa,DP4,50.2,49.5,0.7,ms50,M50,#FACC15
DP4-1733,DP4,1733,1B,11,56,SARH,Duplex Villa,DP4,14.8,20.5,-5.7,lt35,<M35,#93C5FD
DP4-1936,DP4,1936,1B,9,45,SARH,Duplex Villa,DP4,12.7,12.1,0.6,lt35,<M35,#93C5FD
DP4-1840,DP4,1840,1B,6,32,SARH,Duplex Villa,DP4,14.6,28.8,-14.2,lt35,<M35,#93C5FD
DP4-1581,DP4,1581,1B,11,58,SARH,Duplex Villa,DP4,10.7,7.2,3.5,lt35,<M35,#93C5FD
DP4-1599,DP4,1599,1B,12,66,SARH,Duplex Villa,DP4,1.4,4.3,-2.9,lt35,<M35,#93C5FD
DP4-1645,DP4,1645,1B,12,64,SARH,Duplex Villa,DP4,3,2.7,0.3,lt35,<M35,#93C5FD
DP4-1677,DP4,1677,1B,11,60,SARH,Duplex Villa,DP4,4.6,4.8,-0.2,lt35,<M35,#93C5FD
DP4-1715,DP4,1715,1B,11,56,SARH,Duplex Villa,DP4,13.7,20.5,-6.8,lt35,<M35,#93C5FD
DP4-1591,DP4,1591,1B,12,63,SARH,Duplex Villa,DP4,12.2,3.6,8.6,lt35,<M35,#93C5FD
DP4-1584,DP4,1584,1B,12,63,SARH,Duplex Villa,DP4,6.1,3.6,2.5,lt35,<M35,#93C5FD
DP4-1749,DP4,1749,1B,6,29,SARH,Duplex Villa,DP4,50.2,49.5,0.7,ms50,M50,#FACC15
DP4-1598,DP4,1598,1B,12,66,SARH,Duplex Villa,DP4,1.4,4.3,-2.9,lt35,<M35,#93C5FD
DP4-1678,DP4,1678,1B,11,60,SARH,Duplex Villa,DP4,1.9,4.8,-2.9,lt35,<M35,#93C5FD
DP4-1644,DP4,1644,1B,12,64,SARH,Duplex Villa,DP4,3,2.7,0.3,lt35,<M35,#93C5FD
DP4-1737,DP4,1737,1B,11,56,SARH,Duplex Villa,DP4,14.8,20.5,-5.7,lt35,<M35,#93C5FD
DP4-1811,DP4,1811,1B,7,35,SARH,Duplex Villa,DP4,13.8,17.4,-3.6,lt35,<M35,#93C5FD
DP4-1653,DP4,1653,1B,12,62,SARH,Duplex Villa,DP4,3.5,3.2,0.3,lt35,<M35,#93C5FD
DP4-1780,DP4,1780,1B,8,41,SARH,Duplex Villa,DP4,12,13,-1,lt35,<M35,#93C5FD
DP4-1874,DP4,1874,1B,6,30,SARH,Duplex Villa,DP4,31.2,28.6,2.6,lt35,<M35,#93C5FD
DP4-1592,DP4,1592,1B,12,63,SARH,Duplex Villa,DP4,12.4,3.6,8.8,lt35,<M35,#93C5FD
DP4-1718,DP4,1718,1B,11,56,SARH,Duplex Villa,DP4,13.7,20.5,-6.8,lt35,<M35,#93C5FD
DP4-1583,DP4,1583,1B,12,63,SARH,Duplex Villa,DP4,6.1,3.6,2.5,lt35,<M35,#93C5FD
DP4-1867,DP4,1867,1B,6,32,SARH,Duplex Villa,DP4,13.5,28.8,-15.3,lt35,<M35,#93C5FD
DP4-1837,DP4,1837,1B,6,33,SARH,Duplex Villa,DP4,14.5,16.5,-2,lt35,<M35,#93C5FD
DP4-1772,DP4,1772,1B,8,41,SARH,Duplex Villa,DP4,12,13,-1,lt35,<M35,#93C5FD
DP4-1761,DP4,1761,1B,6,29,SARH,Duplex Villa,DP4,45.4,49.5,-4.1,ms35,M35,#3B82F6
DP4-1896,DP4,1896,1B,6,30,SARH,Duplex Villa,DP4,14.7,28.6,-13.9,lt35,<M35,#93C5FD
DP4-1672,DP4,1672,1B,12,62,SARH,Duplex Villa,DP4,5.2,3.2,2,lt35,<M35,#93C5FD
DP4-1719,DP4,1719,1B,11,56,SARH,Duplex Villa,DP4,13.7,20.5,-6.8,lt35,<M35,#93C5FD
DP4-1866,DP4,1866,1B,6,32,SARH,Duplex Villa,DP4,13.5,28.8,-15.3,lt35,<M35,#93C5FD
DP4-1937,DP4,1937,1B,9,45,SARH,Duplex Villa,DP4,12.7,12.1,0.6,lt35,<M35,#93C5FD
DP4-1773,DP4,1773,1B,8,41,SARH,Duplex Villa,DP4,12,13,-1,lt35,<M35,#93C5FD
DP4-1897,DP4,1897,1B,6,30,SARH,Duplex Villa,DP4,14.7,28.6,-13.9,lt35,<M35,#93C5FD
DP4-1736,DP4,1736,1B,11,56,SARH,Duplex Villa,DP4,14.8,20.5,-5.7,lt35,<M35,#93C5FD
DP4-1652,DP4,1652,1B,12,62,SARH,Duplex Villa,DP4,6,3.2,2.8,lt35,<M35,#93C5FD
DP4-1873,DP4,1873,1B,6,30,SARH,Duplex Villa,DP4,31.2,28.6,2.6,lt35,<M35,#93C5FD
DP4-1732,DP4,1732,1B,11,56,SARH,Duplex Villa,DP4,14.8,20.5,-5.7,lt35,<M35,#93C5FD
VD4-1791,VD4,1791,1B,9,47,SARH,Villa,VD4,14.9,15.6,-0.7,lt35,<M35,#93C5FD
VD4-1819,VD4,1819,1B,6,34,SARH,Villa,VD4,14.5,25.3,-10.8,lt35,<M35,#93C5FD
VD4-1682,VD4,1682,1B,10,51,SARH,Villa,VD4,15.9,16,-0.1,lt35,<M35,#93C5FD
VD4-1720,VD4,1720,1B,11,59,SARH,Villa,VD4,14.1,3.7,10.4,lt35,<M35,#93C5FD
VD4-1788,VD4,1788,1B,8,42,SARH,Villa,VD4,13.1,14.4,-1.3,lt35,<M35,#93C5FD
VD4-1699,VD4,1699,1B,10,49,SARH,Villa,VD4,16.6,30.3,-13.7,lt35,<M35,#93C5FD
VD4-1565,VD4,1565,1B,11,55,SARH,Villa,VD4,17.3,21.3,-4,lt35,<M35,#93C5FD
VD4-1863,VD4,1863,1B,6,32,SARH,Villa,VD4,14.7,29.7,-15,lt35,<M35,#93C5FD
VD4-1816,VD4,1816,1B,6,34,SARH,Villa,VD4,14.5,25.3,-10.8,lt35,<M35,#93C5FD
VD4-1885,VD4,1885,1B,7,39,SARH,Villa,VD4,14.6,22.8,-8.2,lt35,<M35,#93C5FD
VD4-1762,VD4,1762,1B,7,40,SARH,Villa,VD4,14,16,-2,lt35,<M35,#93C5FD
VD4-1594,VD4,1594,1B,12,65,SARH,Villa,VD4,14.2,4.3,9.9,lt35,<M35,#93C5FD
VD4-1894,VD4,1894,1B,6,31,SARH,Villa,VD4,14.7,40.8,-26.1,lt35,<M35,#93C5FD
VD4-1984,VD4,1984,1B,8,43,SARH,Villa,VD4,14.1,12.2,1.9,lt35,<M35,#93C5FD
VD4-1689,VD4,1689,1B,10,51,SARH,Villa,VD4,24.8,16,8.8,lt35,<M35,#93C5FD
VD4-1632,VD4,1632,1B,12,64,SARH,Villa,VD4,14.2,3,11.2,lt35,<M35,#93C5FD
VD4-1725,VD4,1725,1B,11,59,SARH,Villa,VD4,14.1,3.7,10.4,lt35,<M35,#93C5FD
VD4-1747,VD4,1747,1B,10,52,SARH,Villa,VD4,18.1,17.6,0.5,lt35,<M35,#93C5FD
VD4-1870,VD4,1870,1B,6,30,SARH,Villa,VD4,14.7,29.6,-14.9,lt35,<M35,#93C5FD
VD4-1633,VD4,1633,1B,12,64,SARH,Villa,VD4,12.9,3,9.9,lt35,<M35,#93C5FD
VD4-1876,VD4,1876,1B,6,31,SARH,Villa,VD4,15.9,40.8,-24.9,lt35,<M35,#93C5FD
VD4-1731,VD4,1731,1B,11,59,SARH,Villa,VD4,14.1,3.7,10.4,lt35,<M35,#93C5FD
VD4-1769,VD4,1769,1B,8,41,SARH,Villa,VD4,13.1,14.2,-1.1,lt35,<M35,#93C5FD
VD4-1844,VD4,1844,1B,6,32,SARH,Villa,VD4,14.7,29.7,-15,lt35,<M35,#93C5FD
VD4-1900,VD4,1900,1B,6,30,SARH,Villa,VD4,14.7,29.6,-14.9,lt35,<M35,#93C5FD
VD4-1824,VD4,1824,1B,6,34,SARH,Villa,VD4,14.5,25.3,-10.8,lt35,<M35,#93C5FD
VD4-1783,VD4,1783,1B,8,42,SARH,Villa,VD4,13.1,14.4,-1.3,lt35,<M35,#93C5FD
VD4-1949,VD4,1949,1B,8,43,SARH,Villa,VD4,12.9,12.2,0.7,lt35,<M35,#93C5FD
VD4-1891,VD4,1891,1B,7,39,SARH,Villa,VD4,14.6,22.8,-8.2,lt35,<M35,#93C5FD
VD4-1805,VD4,1805,1B,7,36,SARH,Villa,VD4,15.5,18.6,-3.1,lt35,<M35,#93C5FD
VD4-1827,VD4,1827,1B,6,34,SARH,Villa,VD4,14.5,25.3,-10.8,lt35,<M35,#93C5FD
VD4-1886,VD4,1886,1B,7,39,SARH,Villa,VD4,14.6,22.8,-8.2,lt35,<M35,#93C5FD
VD4-1574,VD4,1574,1B,11,58,SARH,Villa,VD4,15.9,7.8,8.1,lt35,<M35,#93C5FD
VD4-1613,VD4,1613,1B,12,67,SARH,Villa,VD4,16.6,10.3,6.3,lt35,<M35,#93C5FD
VD4-1570,VD4,1570,1B,11,55,SARH,Villa,VD4,15.9,21.3,-5.4,lt35,<M35,#93C5FD
VD4-1726,VD4,1726,1B,11,59,SARH,Villa,VD4,14.1,3.7,10.4,lt35,<M35,#93C5FD
DP2-1705,DP2,1705,1B,10,52,SARH,Duplex Villa,DP2,14.6,16.5,-1.9,lt35,<M35,#93C5FD
DP2-1571,DP2,1571,1B,11,55,SARH,Duplex Villa,DP2,14.7,20,-5.3,lt35,<M35,#93C5FD
DP2-1621,DP2,1621,1B,12,64,SARH,Duplex Villa,DP2,13.1,2.8,10.3,lt35,<M35,#93C5FD
DP2-1620,DP2,1620,1B,12,64,SARH,Duplex Villa,DP2,13.1,2.8,10.3,lt35,<M35,#93C5FD
DP2-1554,DP2,1554,1B,10,54,SARH,Duplex Villa,DP2,14.7,16.6,-1.9,lt35,<M35,#93C5FD
DP2-1829,DP2,1829,1B,6,34,SARH,Duplex Villa,DP2,14.6,23.9,-9.3,lt35,<M35,#93C5FD
DP2-1815,DP2,1815,1B,6,34,SARH,Duplex Villa,DP2,14.6,23.9,-9.3,lt35,<M35,#93C5FD
DP2-1635,DP2,1635,1B,12,64,SARH,Duplex Villa,DP2,13.1,2.8,10.3,lt35,<M35,#93C5FD
DP2-1564,DP2,1564,1B,11,55,SARH,Duplex Villa,DP2,14.8,20.1,-5.3,lt35,<M35,#93C5FD
DP2-1704,DP2,1704,1B,10,52,SARH,Duplex Villa,DP2,14.6,16.5,-1.9,lt35,<M35,#93C5FD
DP2-1634,DP2,1634,1B,12,64,SARH,Duplex Villa,DP2,13,2.8,10.2,lt35,<M35,#93C5FD
DP2-1631,DP2,1631,1B,12,64,SARH,Duplex Villa,DP2,13.1,2.8,10.3,lt35,<M35,#93C5FD
DP2-1604,DP2,1604,1B,12,68,SARH,Duplex Villa,DP2,13.3,3.5,9.8,lt35,<M35,#93C5FD
DP2-1603,DP2,1603,1B,12,68,SARH,Duplex Villa,DP2,13.2,3.5,9.7,lt35,<M35,#93C5FD
DP2-1767,DP2,1767,1B,7,40,SARH,Duplex Villa,DP2,14.1,14.8,-0.7,lt35,<M35,#93C5FD
DP2-1821,DP2,1821,1B,6,34,SARH,Duplex Villa,DP2,14.6,23.9,-9.3,lt35,<M35,#93C5FD
DP2-1820,DP2,1820,1B,6,34,SARH,Duplex Villa,DP2,14.5,23.9,-9.4,lt35,<M35,#93C5FD
DP2-1561,DP2,1561,1B,10,54,SARH,Duplex Villa,DP2,14.7,16.6,-1.9,lt35,<M35,#93C5FD
DP2-1814,DP2,1814,1B,6,34,SARH,Duplex Villa,DP2,14.5,23.9,-9.4,lt35,<M35,#93C5FD
DP2-1822,DP2,1822,1B,6,34,SARH,Duplex Villa,DP2,14.5,23.9,-9.4,lt35,<M35,#93C5FD
DP2-1828,DP2,1828,1B,6,34,SARH,Duplex Villa,DP2,14.5,23.9,-9.4,lt35,<M35,#93C5FD
DP2-1572,DP2,1572,1B,11,55,SARH,Duplex Villa,DP2,14.8,20.1,-5.3,lt35,<M35,#93C5FD
DP2-1630,DP2,1630,1B,12,64,SARH,Duplex Villa,DP2,13.1,2.8,10.3,lt35,<M35,#93C5FD
DP2-1770,DP2,1770,1B,8,41,SARH,Duplex Villa,DP2,13.2,13.1,0.1,lt35,<M35,#93C5FD
DP2-1563,DP2,1563,1B,11,55,SARH,Duplex Villa,DP2,14.7,20,-5.3,lt35,<M35,#93C5FD
DP2-1562,DP2,1562,1B,10,54,SARH,Duplex Villa,DP2,14.7,16.6,-1.9,lt35,<M35,#93C5FD
DP2-1771,DP2,1771,1B,8,41,SARH,Duplex Villa,DP2,13.3,13.1,0.2,lt35,<M35,#93C5FD
DP2-1823,DP2,1823,1B,6,34,SARH,Duplex Villa,DP2,14.6,23.9,-9.3,lt35,<M35,#93C5FD
DP2-1553,DP2,1553,1B,10,54,SARH,Duplex Villa,DP2,14.7,16.6,-1.9,lt35,<M35,#93C5FD
DP2-1768,DP2,1768,1B,7,40,SARH,Duplex Villa,DP2,14.1,14.8,-0.7,lt35,<M35,#93C5FD
VD2-1609,VD2,1609,1B,12,68,SARH,Villa,VD2,20.7,19.2,1.5,lt35,<M35,#93C5FD
VD2-1774,VD2,1774,1B,8,41,SARH,Villa,VD2,37.4,39.8,-2.4,ms35,M35,#3B82F6
VD2-1792,VD2,1792,1B,9,47,SARH,Villa,VD2,37.2,24.2,13,ms35,M35,#3B82F6
VD2-1575,VD2,1575,1B,11,58,SARH,Villa,VD2,20.8,21.4,-0.6,lt35,<M35,#93C5FD
VD2-1790,VD2,1790,1B,9,47,SARH,Villa,VD2,36.6,24.2,12.4,ms35,M35,#3B82F6
VD2-1662,VD2,1662,1B,12,62,SARH,Villa,VD2,22.4,15.2,7.2,lt35,<M35,#93C5FD
VD2-1724,VD2,1724,1B,11,59,SARH,Villa,VD2,22,15.3,6.7,lt35,<M35,#93C5FD
VD2-1663,VD2,1663,1B,12,62,SARH,Villa,VD2,22.4,15.2,7.2,lt35,<M35,#93C5FD
VD2-1887,VD2,1887,1B,7,39,SARH,Villa,VD2,35.7,27.1,8.6,ms35,M35,#3B82F6
VD2-1746,VD2,1746,1B,10,52,SARH,Villa,VD2,24.2,23.1,1.1,lt35,<M35,#93C5FD
VD2-1739,VD2,1739,1B,10,52,SARH,Villa,VD2,18.3,23.1,-4.8,lt35,<M35,#93C5FD
VD2-1580,VD2,1580,1B,11,58,SARH,Villa,VD2,23.8,21.4,2.4,lt35,<M35,#93C5FD
VD2-1721,VD2,1721,1B,11,59,SARH,Villa,VD2,22.2,15.3,6.9,lt35,<M35,#93C5FD
VD2-1585,VD2,1585,1B,12,63,SARH,Villa,VD2,22.3,15.1,7.2,lt35,<M35,#93C5FD
VD2-1890,VD2,1890,1B,7,39,SARH,Villa,VD2,37.5,27.1,10.4,ms35,M35,#3B82F6
VD2-1730,VD2,1730,1B,11,59,SARH,Villa,VD2,21.7,15.3,6.4,lt35,<M35,#93C5FD
VD2-1727,VD2,1727,1B,11,59,SARH,Villa,VD2,22.1,15.3,6.8,lt35,<M35,#93C5FD
VD2-1588,VD2,1588,1B,12,63,SARH,Villa,VD2,19.2,15.1,4.1,lt35,<M35,#93C5FD
VD2-1779,VD2,1779,1B,8,41,SARH,Villa,VD2,37.1,39.8,-2.7,ms35,M35,#3B82F6
DP3-1952,DP3,1952,1B,8,43,SARH,Duplex Villa,DP3,25,15.2,9.8,lt35,<M35,#93C5FD
DP3-1956,DP3,1956,1B,8,43,SARH,Duplex Villa,DP3,23.1,15.2,7.9,lt35,<M35,#93C5FD
DP3-1638,DP3,1638,1B,12,64,SARH,Duplex Villa,DP3,14.6,3.7,10.9,lt35,<M35,#93C5FD
DP3-1624,DP3,1624,1B,12,64,SARH,Duplex Villa,DP3,12.7,3.7,9,lt35,<M35,#93C5FD
DP3-1978,DP3,1978,1B,8,43,SARH,Duplex Villa,DP3,23,15.2,7.8,lt35,<M35,#93C5FD
DP3-1903,DP3,1903,1B,9,44,SARH,Duplex Villa,DP3,20.8,23,-2.2,lt35,<M35,#93C5FD
DP3-1879,DP3,1879,1B,7,39,SARH,Duplex Villa,DP3,21.3,23.5,-2.2,lt35,<M35,#93C5FD
DP3-1974,DP3,1974,1B,8,43,SARH,Duplex Villa,DP3,20.6,15.2,5.4,lt35,<M35,#93C5FD
DP3-1959,DP3,1959,1B,8,43,SARH,Duplex Villa,DP3,22.7,16.6,6.1,lt35,<M35,#93C5FD
DP3-1977,DP3,1977,1B,8,43,SARH,Duplex Villa,DP3,22.6,16.6,6,lt35,<M35,#93C5FD
DP3-1981,DP3,1981,1B,8,43,SARH,Duplex Villa,DP3,25.1,16.6,8.5,lt35,<M35,#93C5FD
DP3-1627,DP3,1627,1B,12,64,SARH,Duplex Villa,DP3,13.9,4,9.9,lt35,<M35,#93C5FD
DP3-1882,DP3,1882,1B,7,39,SARH,Duplex Villa,DP3,23.1,25.5,-2.4,lt35,<M35,#93C5FD
DP3-1641,DP3,1641,1B,12,64,SARH,Duplex Villa,DP3,15.9,4,11.9,lt35,<M35,#93C5FD
DP3-1955,DP3,1955,1B,8,43,SARH,Duplex Villa,DP3,27.1,16.6,10.5,lt35,<M35,#93C5FD
DP3-1906,DP3,1906,1B,9,44,SARH,Duplex Villa,DP3,22.7,24.9,-2.2,lt35,<M35,#93C5FD
DP1-1853,DP1,1853,1B,7,38,SARH,Duplex Villa,DP1,30.3,21.5,8.8,lt35,<M35,#93C5FD
DP1-1694,DP1,1694,1B,10,50,SARH,Duplex Villa,DP1,18.4,23.3,-4.9,lt35,<M35,#93C5FD
DP1-1669,DP1,1669,1B,12,62,SARH,Duplex Villa,DP1,17.7,13.4,4.3,lt35,<M35,#93C5FD
DP1-1857,DP1,1857,1B,7,38,SARH,Duplex Villa,DP1,31.4,21.5,9.9,lt35,<M35,#93C5FD
DP1-1932,DP1,1932,1B,9,45,SARH,Duplex Villa,DP1,28.8,18,10.8,lt35,<M35,#93C5FD
DP1-1861,DP1,1861,1B,7,38,SARH,Duplex Villa,DP1,31,21.5,9.5,lt35,<M35,#93C5FD
DP1-1922,DP1,1922,1B,7,37,SARH,Duplex Villa,DP1,30.7,20.3,10.4,lt35,<M35,#93C5FD
DP1-1690,DP1,1690,1B,10,50,SARH,Duplex Villa,DP1,22.6,23.3,-0.7,lt35,<M35,#93C5FD
DP1-1757,DP1,1757,1B,6,29,SARH,Duplex Villa,DP1,22.6,30.9,-8.3,lt35,<M35,#93C5FD
DP1-1850,DP1,1850,1B,7,38,SARH,Duplex Villa,DP1,31.1,21.5,9.6,lt35,<M35,#93C5FD
DP1-1756,DP1,1756,1B,6,29,SARH,Duplex Villa,DP1,22.6,30.9,-8.3,lt35,<M35,#93C5FD
DP1-1929,DP1,1929,1B,9,45,SARH,Duplex Villa,DP1,27.9,18,9.9,lt35,<M35,#93C5FD
DP1-1691,DP1,1691,1B,10,50,SARH,Duplex Villa,DP1,21.5,23.3,-1.8,lt35,<M35,#93C5FD
DP1-1695,DP1,1695,1B,10,50,SARH,Duplex Villa,DP1,18.8,23.3,-4.5,lt35,<M35,#93C5FD
DP1-1915,DP1,1915,1B,7,37,SARH,Duplex Villa,DP1,29.4,20.3,9.1,lt35,<M35,#93C5FD
DP1-1940,DP1,1940,1B,9,44,SARH,Duplex Villa,DP1,28.6,23.4,5.2,lt35,<M35,#93C5FD
DP1-1858,DP1,1858,1B,7,38,SARH,Duplex Villa,DP1,31.3,21.5,9.8,lt35,<M35,#93C5FD
DP1-1919,DP1,1919,1B,7,37,SARH,Duplex Villa,DP1,31.7,20.3,11.4,lt35,<M35,#93C5FD
DP1-1846,DP1,1846,1B,7,38,SARH,Duplex Villa,DP1,25.2,21.5,3.7,lt35,<M35,#93C5FD
DP1-1666,DP1,1666,1B,12,62,SARH,Duplex Villa,DP1,16.2,13.4,2.8,lt35,<M35,#93C5FD
DP1-1656,DP1,1656,1B,12,62,SARH,Duplex Villa,DP1,16.3,13.4,2.9,lt35,<M35,#93C5FD
DP1-1854,DP1,1854,1B,7,38,SARH,Duplex Villa,DP1,30.8,21.5,9.3,lt35,<M35,#93C5FD
DP1-1907,DP1,1907,1B,9,44,SARH,Duplex Villa,DP1,29,23.4,5.6,lt35,<M35,#93C5FD
DP1-1944,DP1,1944,1B,9,44,SARH,Duplex Villa,DP1,27.4,23.4,4,lt35,<M35,#93C5FD
VD1-1745,VD1,1745,1B,10,52,SARH,Villa,VD1,24,25.8,-1.8,lt35,<M35,#93C5FD
DP1-1702,DP1,1702,1B,10,53,SARH,Duplex Villa,DP1,20.1,21.7,-1.6,lt35,<M35,#93C5FD
VD1-1709,VD1,1709,1B,10,52,SARH,Villa,VD1,18.4,25.8,-7.4,lt35,<M35,#93C5FD
DP1-1659,DP1,1659,1B,12,62,SARH,Duplex Villa,DP1,15.5,13.4,2.1,lt35,<M35,#93C5FD
DP1-1849,DP1,1849,1B,7,38,SARH,Duplex Villa,DP1,23,21.5,1.5,lt35,<M35,#93C5FD
DP1-1943,DP1,1943,1B,9,44,SARH,Duplex Villa,DP1,28.6,23.4,5.2,lt35,<M35,#93C5FD
DP1-1918,DP1,1918,1B,7,37,SARH,Duplex Villa,DP1,28.4,20.3,8.1,lt35,<M35,#93C5FD
VD1-1742,VD1,1742,1B,10,52,SARH,Villa,VD1,17.9,25.8,-7.9,lt35,<M35,#93C5FD
VD1-1706,VD1,1706,1B,10,52,SARH,Villa,VD1,18.4,25.8,-7.4,lt35,<M35,#93C5FD
DP1-1947,DP1,1947,1B,9,44,SARH,Duplex Villa,DP1,24.7,23.4,1.3,lt35,<M35,#93C5FD
DP1-1910,DP1,1910,1B,9,44,SARH,Duplex Villa,DP1,28.7,23.4,5.3,lt35,<M35,#93C5FD
DP1-1703,DP1,1703,1B,10,53,SARH,Duplex Villa,DP1,20.5,21.7,-1.2,lt35,<M35,#93C5FD
TH1-1931,TH1,1931,1B,9,45,SARH,Townhouse,TH1,27.5,17.9,9.6,lt35,<M35,#93C5FD
TH1-1921,TH1,1921,1B,7,37,SARH,Townhouse,TH1,31.9,20.2,11.7,lt35,<M35,#93C5FD
TH1-1668,TH1,1668,1B,12,62,SARH,Townhouse,TH1-IM,17.1,13.4,3.7,lt35,<M35,#93C5FD
TH1-1657,TH1,1657,1B,12,62,SARH,Townhouse,TH1,16.2,13.4,2.8,lt35,<M35,#93C5FD
TH1-1852,TH1,1852,1B,7,38,SARH,Townhouse,TH1,30.9,21.4,9.5,lt35,<M35,#93C5FD
TH1-1920,TH1,1920,1B,7,37,SARH,Townhouse,TH1,31.3,20.2,11.1,lt35,<M35,#93C5FD
TH1-1667,TH1,1667,1B,12,62,SARH,Townhouse,TH1-IM,16,13.4,2.6,lt35,<M35,#93C5FD
TH1-1930,TH1,1930,1B,9,45,SARH,Townhouse,TH1,27.6,17.9,9.7,lt35,<M35,#93C5FD
TH1-1916,TH1,1916,1B,7,37,SARH,Townhouse,TH1,29.9,20.2,9.7,lt35,<M35,#93C5FD
TH1-1851,TH1,1851,1B,7,38,SARH,Townhouse,TH1,31,21.4,9.6,lt35,<M35,#93C5FD
TH1-1908,TH1,1908,1B,9,44,SARH,Townhouse,TH1,28.1,23.4,4.7,lt35,<M35,#93C5FD
TH3-1640,TH3,1640,1B,12,64,SARH,Townhouse,TH3,14.2,3.6,10.6,lt35,<M35,#93C5FD
TH3-1979,TH3,1979,1B,8,43,SARH,Townhouse,TH3,21.7,14.9,6.8,lt35,<M35,#93C5FD
TH3-1881,TH3,1881,1B,7,39,SARH,Townhouse,TH3,20.4,22.8,-2.4,lt35,<M35,#93C5FD
TH3-1975,TH3,1975,1B,8,43,SARH,Townhouse,TH3,20.6,14.9,5.7,lt35,<M35,#93C5FD
TH3-1980,TH3,1980,1B,8,43,SARH,Townhouse,TH3,21.7,14.9,6.8,lt35,<M35,#93C5FD
TH3-1945,TH3,1945,1B,9,44,SARH,Townhouse,TH3,25.9,21.6,4.3,lt35,<M35,#93C5FD
TH3-1904,TH3,1904,1B,9,44,SARH,Townhouse,TH3,20,21.6,-1.6,lt35,<M35,#93C5FD
TH3-1625,TH3,1625,1B,12,64,SARH,Townhouse,TH3,12.5,3.6,8.9,lt35,<M35,#93C5FD
TH3-1639,TH3,1639,1B,12,64,SARH,Townhouse,TH3,14.2,3.6,10.6,lt35,<M35,#93C5FD
TH3-1958,TH3,1958,1B,8,43,SARH,Townhouse,TH3,21.9,14.9,7,lt35,<M35,#93C5FD
TH3-1976,TH3,1976,1B,8,43,SARH,Townhouse,TH3,19.9,14.9,5,lt35,<M35,#93C5FD
TH3-1941,TH3,1941,1B,9,44,SARH,Townhouse,TH3,26.7,21.6,5.1,lt35,<M35,#93C5FD
TH3-1880,TH3,1880,1B,7,39,SARH,Townhouse,TH3,20.4,22.8,-2.4,lt35,<M35,#93C5FD
TH3-1954,TH3,1954,1B,8,43,SARH,Townhouse,TH3,23.8,14.9,8.9,lt35,<M35,#93C5FD
TH3-1905,TH3,1905,1B,9,44,SARH,Townhouse,TH3,20,21.6,-1.6,lt35,<M35,#93C5FD
TH3-1626,TH3,1626,1B,12,64,SARH,Townhouse,TH3,12.5,3.6,8.9,lt35,<M35,#93C5FD
TH1-1847,TH1,1847,1B,7,38,SARH,Townhouse,TH1,25.8,21.4,4.4,lt35,<M35,#93C5FD
TH1-1848,TH1,1848,1B,7,38,SARH,Townhouse,TH1,25.6,21.4,4.2,lt35,<M35,#93C5FD
TH1-1860,TH1,1860,1B,7,38,SARH,Townhouse,TH1-IM,31.3,21.4,9.9,lt35,<M35,#93C5FD
TH1-1855,TH1,1855,1B,7,38,SARH,Townhouse,TH1,30.4,21.4,9,lt35,<M35,#93C5FD
TH1-1859,TH1,1859,1B,7,38,SARH,Townhouse,TH1-IM,31.4,21.4,10,lt35,<M35,#93C5FD
TH1-1856,TH1,1856,1B,7,38,SARH,Townhouse,TH1,31.3,21.4,9.9,lt35,<M35,#93C5FD
DT1-1566,DT1,1566,1B,11,55,SARH,Duplex Villa,DT1,15,20.6,-5.6,lt35,<M35,#93C5FD
DT1-1982,DT1,1982,1B,8,43,SARH,Duplex Villa,DT1,13.3,11.5,1.8,lt35,<M35,#93C5FD
DT1-1711,DT1,1711,1B,10,52,SARH,Duplex Villa,DT1,14.9,16.9,-2,lt35,<M35,#93C5FD
TH1-1658,TH1,1658,1B,12,62,SARH,Townhouse,TH1,17.1,13.4,3.7,lt35,<M35,#93C5FD
DT1-1587,DT1,1587,1B,12,63,SARH,Duplex Villa,DT1,13.9,3.7,10.2,lt35,<M35,#93C5FD
DT1-1590,DT1,1590,1B,12,63,SARH,Duplex Villa,DT1,13.9,3.7,10.2,lt35,<M35,#93C5FD
DT1-1589,DT1,1589,1B,12,63,SARH,Duplex Villa,DT1,14,3.7,10.3,lt35,<M35,#93C5FD
DT1-1579,DT1,1579,1B,11,58,SARH,Duplex Villa,DT1,15,7.4,7.6,lt35,<M35,#93C5FD
DT1-1660,DT1,1660,1B,12,62,SARH,Duplex Villa,DT1,13.7,3.2,10.5,lt35,<M35,#93C5FD
DT1-1586,DT1,1586,1B,12,63,SARH,Duplex Villa,DT1,14,3.7,10.3,lt35,<M35,#93C5FD
DT1-1889,DT1,1889,1B,7,39,SARH,Duplex Villa,DT1,13.7,21.8,-8.1,lt35,<M35,#93C5FD
DT1-1558,DT1,1558,1B,10,54,SARH,Duplex Villa,DT1,15,16.9,-1.9,lt35,<M35,#93C5FD
DT1-1973,DT1,1973,1B,8,43,SARH,Duplex Villa,DT1,12.1,11.5,0.6,lt35,<M35,#93C5FD
DT1-1765,DT1,1765,1B,7,40,SARH,Duplex Villa,DT1,13.2,15.1,-1.9,lt35,<M35,#93C5FD
DT1-1899,DT1,1899,1B,6,30,SARH,Duplex Villa,DT1,50.4,28.8,21.6,ms50,M50,#FACC15
TH1-1917,TH1,1917,1B,7,37,SARH,Townhouse,TH1,28.4,20.2,8.2,lt35,<M35,#93C5FD
DT1-1969,DT1,1969,1B,9,46,SARH,Duplex Villa,DT1,14.3,11.5,2.8,lt35,<M35,#93C5FD
DT1-1898,DT1,1898,1B,6,30,SARH,Duplex Villa,DT1,50.7,28.9,21.8,ms50,M50,#FACC15
DT1-1766,DT1,1766,1B,7,40,SARH,Duplex Villa,DT1,13.2,15,-1.8,lt35,<M35,#93C5FD
DT1-1578,DT1,1578,1B,11,58,SARH,Duplex Villa,DT1,15.1,7.4,7.7,lt35,<M35,#93C5FD
DT1-1961,DT1,1961,1B,8,43,SARH,Duplex Villa,DT1,12.1,11.5,0.6,lt35,<M35,#93C5FD
DT1-1751,DT1,1751,1B,6,29,SARH,Duplex Villa,DT1,54.6,49.1,5.5,ms50,M50,#FACC15
DT1-1708,DT1,1708,1B,10,52,SARH,Duplex Villa,DT1,14.9,16.9,-2,lt35,<M35,#93C5FD
DT1-1983,DT1,1983,1B,8,43,SARH,Duplex Villa,DT1,12.1,11.5,0.6,lt35,<M35,#93C5FD
DT1-1960,DT1,1960,1B,8,43,SARH,Duplex Villa,DT1,12.2,11.5,0.7,lt35,<M35,#93C5FD
DT1-1950,DT1,1950,1B,8,43,SARH,Duplex Villa,DT1,12.2,11.5,0.7,lt35,<M35,#93C5FD
TH1-1909,TH1,1909,1B,9,44,SARH,Townhouse,TH1,28.6,23.4,5.2,lt35,<M35,#93C5FD
DT1-1951,DT1,1951,1B,8,43,SARH,Duplex Villa,DT1,12.1,11.5,0.6,lt35,<M35,#93C5FD
DT1-1888,DT1,1888,1B,7,39,SARH,Duplex Villa,DT1,13.8,22,-8.2,lt35,<M35,#93C5FD
DT1-1968,DT1,1968,1B,9,46,SARH,Duplex Villa,DT1,13.2,11.6,1.6,lt35,<M35,#93C5FD
DT1-1707,DT1,1707,1B,10,52,SARH,Duplex Villa,DT1,14.8,16.8,-2,lt35,<M35,#93C5FD
DT1-1567,DT1,1567,1B,11,55,SARH,Duplex Villa,DT1,14.9,20.5,-5.6,lt35,<M35,#93C5FD
DT1-1722,DT1,1722,1B,11,59,SARH,Duplex Villa,DT1,12.1,3.5,8.6,lt35,<M35,#93C5FD
DT1-1972,DT1,1972,1B,8,43,SARH,Duplex Villa,DT1,12.2,11.5,0.7,lt35,<M35,#93C5FD
DT1-1559,DT1,1559,1B,10,54,SARH,Duplex Villa,DT1,14.9,16.8,-1.9,lt35,<M35,#93C5FD
DT1-1661,DT1,1661,1B,12,62,SARH,Duplex Villa,DT1,13.6,3.2,10.4,lt35,<M35,#93C5FD
DT1-1750,DT1,1750,1B,6,29,SARH,Duplex Villa,DT1,55.3,49.3,6,ms50,M50,#FACC15
DT1-1723,DT1,1723,1B,11,59,SARH,Duplex Villa,DT1,12.2,3.5,8.7,lt35,<M35,#93C5FD
DT1-1710,DT1,1710,1B,10,52,SARH,Duplex Villa,DT1,14.8,16.8,-2,lt35,<M35,#93C5FD
DT3-1818,DT3,1818,1B,6,34,SARH,Duplex Villa,DT3,13.8,24.5,-10.7,lt35,<M35,#93C5FD
DT3-1569,DT3,1569,1B,11,55,SARH,Duplex Villa,DT3,15.1,20.6,-5.5,lt35,<M35,#93C5FD
DT3-1755,DT3,1755,1B,6,29,SARH,Duplex Villa,DT3,15.2,48.9,-33.7,lt35,<M35,#93C5FD
DT3-1637,DT3,1637,1B,12,64,SARH,Duplex Villa,DT3,13.5,2.8,10.7,lt35,<M35,#93C5FD
DT3-1884,DT3,1884,1B,7,39,SARH,Duplex Villa,DT3,15,22,-7,lt35,<M35,#93C5FD
DT3-1842,DT3,1842,1B,6,32,SARH,Duplex Villa,DT3,48.6,29,19.6,ms35,M35,#3B82F6
DT3-1778,DT3,1778,1B,8,41,SARH,Duplex Villa,DT3,13.7,13.5,0.2,lt35,<M35,#93C5FD
DT3-1763,DT3,1763,1B,7,40,SARH,Duplex Villa,DT3,14.5,15.3,-0.8,lt35,<M35,#93C5FD
DT3-1649,DT3,1649,1B,12,61,SARH,Duplex Villa,DT3,14.1,5.5,8.6,lt35,<M35,#93C5FD
DT3-1964,DT3,1964,1B,9,46,SARH,Duplex Villa,DT3,12.6,11.7,0.9,lt35,<M35,#93C5FD
DT3-1924,DT3,1924,1B,7,37,SARH,Duplex Villa,DT3,15.8,35.4,-19.6,lt35,<M35,#93C5FD
DT3-1615,DT3,1615,1B,12,67,SARH,Duplex Villa,DT3,11.7,9.8,1.9,lt35,<M35,#93C5FD
DT3-1740,DT3,1740,1B,10,52,SARH,Duplex Villa,DT3,15,16.9,-1.9,lt35,<M35,#93C5FD
DT3-1934,DT3,1934,1B,9,45,SARH,Duplex Villa,DT3,13.1,12.5,0.6,lt35,<M35,#93C5FD
DT3-1568,DT3,1568,1B,11,55,SARH,Duplex Villa,DT3,15.2,20.6,-5.4,lt35,<M35,#93C5FD
TH3-1946,TH3,1946,1B,9,44,SARH,Townhouse,TH3,24.4,21.6,2.8,lt35,<M35,#93C5FD
DT3-1806,DT3,1806,1B,7,36,SARH,Duplex Villa,DT3,14.8,17.8,-3,lt35,<M35,#93C5FD
DT3-1642,DT3,1642,1B,12,64,SARH,Duplex Villa,DT3,13.5,2.8,10.7,lt35,<M35,#93C5FD
DT3-1728,DT3,1728,1B,11,59,SARH,Duplex Villa,DT3,13.4,3.6,9.8,lt35,<M35,#93C5FD
DT3-1775,DT3,1775,1B,8,41,SARH,Duplex Villa,DT3,13.7,13.5,0.2,lt35,<M35,#93C5FD
DT3-1754,DT3,1754,1B,6,29,SARH,Duplex Villa,DT3,15.2,48.9,-33.7,lt35,<M35,#93C5FD
DT3-1596,DT3,1596,1B,12,65,SARH,Duplex Villa,DT3,13.5,4.1,9.4,lt35,<M35,#93C5FD
DT3-1735,DT3,1735,1B,11,56,SARH,Duplex Villa,DT3,15.3,20.8,-5.5,lt35,<M35,#93C5FD
DT3-1843,DT3,1843,1B,6,32,SARH,Duplex Villa,DT3,48.6,29,19.6,ms35,M35,#3B82F6
DT3-1687,DT3,1687,1B,10,51,SARH,Duplex Villa,DT3,15.2,15.2,0,lt35,<M35,#93C5FD
DT3-1807,DT3,1807,1B,7,36,SARH,Duplex Villa,DT3,14.8,17.8,-3,lt35,<M35,#93C5FD
DT3-1614,DT3,1614,1B,12,67,SARH,Duplex Villa,DT3,11.7,9.8,1.9,lt35,<M35,#93C5FD
DT3-1698,DT3,1698,1B,10,49,SARH,Duplex Villa,DT3,15.9,29.6,-13.7,lt35,<M35,#93C5FD
TH3-1957,TH3,1957,1B,8,43,SARH,Townhouse,TH3,21.9,14.9,7,lt35,<M35,#93C5FD
DT3-1758,DT3,1758,1B,6,29,SARH,Duplex Villa,DT3,15.2,48.9,-33.7,lt35,<M35,#93C5FD
DT3-1684,DT3,1684,1B,10,51,SARH,Duplex Villa,DT3,15.2,15.2,0,lt35,<M35,#93C5FD
DT3-1834,DT3,1834,1B,6,33,SARH,Duplex Villa,DT3,13.9,17.1,-3.2,lt35,<M35,#93C5FD
DT3-1629,DT3,1629,1B,12,64,SARH,Duplex Villa,DT3,13.5,2.8,10.7,lt35,<M35,#93C5FD
DT3-1670,DT3,1670,1B,12,62,SARH,Duplex Villa,DT3,13.8,3.3,10.5,lt35,<M35,#93C5FD
DT3-1655,DT3,1655,1B,12,62,SARH,Duplex Villa,DT3,13.8,3.3,10.5,lt35,<M35,#93C5FD
DT3-1665,DT3,1665,1B,12,62,SARH,Duplex Villa,DT3,13.8,3.3,10.5,lt35,<M35,#93C5FD
DT3-1664,DT3,1664,1B,12,62,SARH,Duplex Villa,DT3,13.8,3.3,10.5,lt35,<M35,#93C5FD
DT3-1697,DT3,1697,1B,10,49,SARH,Duplex Villa,DT3,15.9,29.6,-13.7,lt35,<M35,#93C5FD
TH3-1953,TH3,1953,1B,8,43,SARH,Townhouse,TH3,23.7,14.9,8.8,lt35,<M35,#93C5FD
DT3-1893,DT3,1893,1B,6,31,SARH,Duplex Villa,DT3,53.7,39.6,14.1,ms50,M50,#FACC15
DT3-1623,DT3,1623,1B,12,64,SARH,Duplex Villa,DT3,13.5,2.8,10.7,lt35,<M35,#93C5FD
DT3-1605,DT3,1605,1B,12,68,SARH,Duplex Villa,DT3,13.7,3.6,10.1,lt35,<M35,#93C5FD
DT3-1877,DT3,1877,1B,6,31,SARH,Duplex Villa,DT3,14.1,39.7,-25.6,lt35,<M35,#93C5FD
DT3-1777,DT3,1777,1B,8,41,SARH,Duplex Villa,DT3,13.7,13.5,0.2,lt35,<M35,#93C5FD
DT3-1784,DT3,1784,1B,8,42,SARH,Duplex Villa,DT3,12.5,13.7,-1.2,lt35,<M35,#93C5FD
DT3-1965,DT3,1965,1B,9,46,SARH,Duplex Villa,DT3,12.6,11.7,0.9,lt35,<M35,#93C5FD
DT3-1595,DT3,1595,1B,12,65,SARH,Duplex Villa,DT3,13.5,4.1,9.4,lt35,<M35,#93C5FD
DT3-1676,DT3,1676,1B,11,60,SARH,Duplex Villa,DT3,14.4,5,9.4,lt35,<M35,#93C5FD
DT3-1883,DT3,1883,1B,7,39,SARH,Duplex Villa,DT3,15,22,-7,lt35,<M35,#93C5FD
DT3-1826,DT3,1826,1B,6,34,SARH,Duplex Villa,DT3,13.8,24.5,-10.7,lt35,<M35,#93C5FD
DT3-1556,DT3,1556,1B,10,54,SARH,Duplex Villa,DT3,15.1,17.1,-2,lt35,<M35,#93C5FD
DT3-1753,DT3,1753,1B,6,29,SARH,Duplex Villa,DT3,15.2,48.9,-33.7,lt35,<M35,#93C5FD
DT3-1864,DT3,1864,1B,6,32,SARH,Duplex Villa,DT3,14,29,-15,lt35,<M35,#93C5FD
DT3-1793,DT3,1793,1B,9,47,SARH,Duplex Villa,DT3,14.2,14.9,-0.7,lt35,<M35,#93C5FD
DT3-1871,DT3,1871,1B,6,30,SARH,Duplex Villa,DT3,15.1,28.8,-13.7,lt35,<M35,#93C5FD
DT3-1923,DT3,1923,1B,7,37,SARH,Duplex Villa,DT3,15.9,35.4,-19.5,lt35,<M35,#93C5FD
TH3-1942,TH3,1942,1B,9,44,SARH,Townhouse,TH3,26.7,21.6,5.1,lt35,<M35,#93C5FD
DT3-1648,DT3,1648,1B,12,61,SARH,Duplex Villa,DT3,14.3,5.5,8.8,lt35,<M35,#93C5FD
DT3-1913,DT3,1913,1B,7,37,SARH,Duplex Villa,DT3,53.6,35.4,18.2,ms50,M50,#FACC15
DT3-1865,DT3,1865,1B,6,32,SARH,Duplex Villa,DT3,14,29,-15,lt35,<M35,#93C5FD
DT3-1787,DT3,1787,1B,8,42,SARH,Duplex Villa,DT3,13.6,13.7,-0.1,lt35,<M35,#93C5FD
DT3-1717,DT3,1717,1B,11,56,SARH,Duplex Villa,DT3,15.3,20.8,-5.5,lt35,<M35,#93C5FD
DT3-1743,DT3,1743,1B,10,52,SARH,Duplex Villa,DT3,15,16.9,-1.9,lt35,<M35,#93C5FD
DT3-1835,DT3,1835,1B,6,33,SARH,Duplex Villa,DT3,13.9,17.1,-3.2,lt35,<M35,#93C5FD
DT3-1576,DT3,1576,1B,11,58,SARH,Duplex Villa,DT3,15.2,7.5,7.7,lt35,<M35,#93C5FD
DT3-1557,DT3,1557,1B,10,54,SARH,Duplex Villa,DT3,15.1,17.1,-2,lt35,<M35,#93C5FD
DT3-1744,DT3,1744,1B,10,52,SARH,Duplex Villa,DT3,15,16.9,-1.9,lt35,<M35,#93C5FD
DT3-1764,DT3,1764,1B,7,40,SARH,Duplex Villa,DT3,14.5,15.3,-0.8,lt35,<M35,#93C5FD
DT3-1825,DT3,1825,1B,6,34,SARH,Duplex Villa,DT3,13.8,24.5,-10.7,lt35,<M35,#93C5FD
DT3-1734,DT3,1734,1B,11,56,SARH,Duplex Villa,DT3,15.3,20.8,-5.5,lt35,<M35,#93C5FD
DT3-1607,DT3,1607,1B,12,68,SARH,Duplex Villa,DT3,13.7,3.6,10.1,lt35,<M35,#93C5FD
DT3-1741,DT3,1741,1B,10,52,SARH,Duplex Villa,DT3,15,16.9,-1.9,lt35,<M35,#93C5FD
DT3-1654,DT3,1654,1B,12,62,SARH,Duplex Villa,DT3,13.8,3.3,10.5,lt35,<M35,#93C5FD
DT3-1892,DT3,1892,1B,6,31,SARH,Duplex Villa,DT3,53.7,39.7,14,ms50,M50,#FACC15
DT3-1799,DT3,1799,1B,9,48,SARH,Duplex Villa,DT3,12.6,12.1,0.5,lt35,<M35,#93C5FD
DT3-1683,DT3,1683,1B,10,51,SARH,Duplex Villa,DT3,15.2,15.2,0,lt35,<M35,#93C5FD
DT3-1671,DT3,1671,1B,12,62,SARH,Duplex Villa,DT3,13.8,3.3,10.5,lt35,<M35,#93C5FD
DT3-1872,DT3,1872,1B,6,30,SARH,Duplex Villa,DT3,14,28.8,-14.8,lt35,<M35,#93C5FD
DT3-1878,DT3,1878,1B,6,31,SARH,Duplex Villa,DT3,15.2,39.6,-24.4,lt35,<M35,#93C5FD
DT3-1729,DT3,1729,1B,11,59,SARH,Duplex Villa,DT3,13.4,3.6,9.8,lt35,<M35,#93C5FD
DT3-1794,DT3,1794,1B,9,47,SARH,Duplex Villa,DT3,14.2,14.9,-0.7,lt35,<M35,#93C5FD
DT3-1716,DT3,1716,1B,11,56,SARH,Duplex Villa,DT3,15.3,20.8,-5.5,lt35,<M35,#93C5FD
DT3-1636,DT3,1636,1B,12,64,SARH,Duplex Villa,DT3,13.5,2.8,10.7,lt35,<M35,#93C5FD
DT3-1606,DT3,1606,1B,12,68,SARH,Duplex Villa,DT3,13.6,3.6,10,lt35,<M35,#93C5FD
DT3-1622,DT3,1622,1B,12,64,SARH,Duplex Villa,DT3,13.5,2.8,10.7,lt35,<M35,#93C5FD
DT3-1786,DT3,1786,1B,8,42,SARH,Duplex Villa,DT3,12.5,13.7,-1.2,lt35,<M35,#93C5FD
DT3-1776,DT3,1776,1B,8,41,SARH,Duplex Villa,DT3,13.7,13.5,0.2,lt35,<M35,#93C5FD
DT3-1577,DT3,1577,1B,11,58,SARH,Duplex Villa,DT3,15.2,7.5,7.7,lt35,<M35,#93C5FD
DT3-1914,DT3,1914,1B,7,37,SARH,Duplex Villa,DT3,53.3,35.4,17.9,ms50,M50,#FACC15
DT3-1800,DT3,1800,1B,9,48,SARH,Duplex Villa,DT3,12.6,12.1,0.5,lt35,<M35,#93C5FD
DT3-1608,DT3,1608,1B,12,68,SARH,Duplex Villa,DT3,13.6,3.6,10,lt35,<M35,#93C5FD
DT3-1752,DT3,1752,1B,6,29,SARH,Duplex Villa,DT3,14.1,48.9,-34.8,lt35,<M35,#93C5FD
DT3-1759,DT3,1759,1B,6,29,SARH,Duplex Villa,DT3,15.2,48.9,-33.7,lt35,<M35,#93C5FD
DT3-1817,DT3,1817,1B,6,34,SARH,Duplex Villa,DT3,13.8,24.5,-10.7,lt35,<M35,#93C5FD
DT3-1927,DT3,1927,1B,9,45,SARH,Duplex Villa,DT3,14.3,12.5,1.8,lt35,<M35,#93C5FD
DT3-1935,DT3,1935,1B,9,45,SARH,Duplex Villa,DT3,14.3,12.5,1.8,lt35,<M35,#93C5FD
DT3-1785,DT3,1785,1B,8,42,SARH,Duplex Villa,DT3,12.4,13.7,-1.3,lt35,<M35,#93C5FD
DT3-1675,DT3,1675,1B,11,60,SARH,Duplex Villa,DT3,14.4,5,9.4,lt35,<M35,#93C5FD
DT3-1688,DT3,1688,1B,10,51,SARH,Duplex Villa,DT3,15.2,15.2,0,lt35,<M35,#93C5FD
DT3-1928,DT3,1928,1B,9,45,SARH,Duplex Villa,DT3,14.3,12.5,1.8,lt35,<M35,#93C5FD
DT3-1628,DT3,1628,1B,12,64,SARH,Duplex Villa,DT3,13.5,2.8,10.7,lt35,<M35,#93C5FD
DT3-1643,DT3,1643,1B,12,64,SARH,Duplex Villa,DT3,13.5,2.8,10.7,lt35,<M35,#93C5FD
